window_start,latency_avg_ms,throughput_msg_s
2025-08-10T04:11:35.304304,0,3788.73
2025-08-10T04:11:45.304395,0,4036.79
2025-08-10T04:11:55.327578,0,3931.71
2025-08-10T04:12:05.366254,0,3909.7
2025-08-10T04:12:15.366322,0,3793.3
2025-08-10T04:12:25.404328,0,3858.81
2025-08-10T04:12:35.405024,0,3992.47
2025-08-10T04:12:45.405362,0,3832.65
2025-08-10T04:12:55.416032,0,3852.91
2025-08-10T04:13:05.416681,0,3907.99
2025-08-10T04:13:15.417318,0,3879.83
2025-08-10T04:13:25.419727,55285.18,2985.22
2025-08-10T04:13:35.424812,9.56,81.36
2025-08-10T04:13:45.429261,9.36,81.07
2025-08-10T04:13:55.440022,9.42,81.31
2025-08-10T04:14:05.450361,9.54,80.62
2025-08-10T04:14:15.453846,10.07,80.17
2025-08-10T04:14:25.463769,9.43,81.12
2025-08-10T04:14:35.473729,9.35,80.32
2025-08-10T04:14:45.484449,9.72,81.62
2025-08-10T04:14:55.496027,9.73,81.61
2025-08-10T04:15:05.499084,9.74,81.58
2025-08-10T04:15:15.500193,9.77,81.49
2025-08-10T04:15:25.506129,9.72,81.95
2025-08-10T04:15:35.509447,9.7,81.77
2025-08-10T04:15:45.517839,9.69,81.73
2025-08-10T04:15:55.524119,9.78,81.95
2025-08-10T04:16:05.526616,9.77,81.78
2025-08-10T04:16:15.528176,9.74,81.79
2025-08-10T04:16:25.536610,9.67,81.73
2025-08-10T04:16:35.542658,9.74,81.45
2025-08-10T04:16:45.556670,9.73,81.29
2025-08-10T04:16:55.559600,9.59,81.58
2025-08-10T04:17:05.567012,8.99,80.84
2025-08-10T04:17:15.569779,9.36,80.78
2025-08-10T04:17:25.580187,9.7,81.12
2025-08-10T04:17:35.586030,9.67,81.56
2025-08-10T04:17:45.600255,9.32,81.29
2025-08-10T04:17:55.601472,9.5,81.69
2025-08-10T04:18:05.601981,9.7,80.3
2025-08-10T04:18:15.612805,9.47,81.41
2025-08-10T04:18:25.616926,9.2,81.47
2025-08-10T04:18:35.622872,9.05,80.36
2025-08-10T04:18:45.624843,9.25,81.19
2025-08-10T04:18:55.627252,9.23,81.18
2025-08-10T04:19:05.628621,9.62,80.09
2025-08-10T04:19:47.902585,0,3560.01
2025-08-10T04:19:57.911535,0,3771.2
2025-08-10T04:20:07.912149,0,3858.59
2025-08-10T04:20:17.934330,0,3907.02
2025-08-10T04:20:27.934527,0,3706.99
2025-08-10T04:20:37.951525,0,3853.53
2025-08-10T04:20:47.952331,0,3944.56
2025-08-10T04:20:57.969122,0,3926.86
2025-08-10T04:21:08.010783,0,3690.55
2025-08-10T04:21:18.011142,0,3831.34
2025-08-10T04:21:28.057032,0,3897.54
2025-08-10T04:21:38.111213,548288.72,3773.47
2025-08-10T04:21:48.149238,276485.82,3523.19
2025-08-10T04:21:58.160780,23681.93,402.36
2025-08-10T04:22:08.163281,8.85,79.58
2025-08-10T04:22:18.165706,8.76,79.38
2025-08-10T04:22:28.175727,8.86,79.42
2025-08-10T04:22:38.177925,9.02,78.98
2025-08-10T04:22:48.186011,9.01,78.24
2025-08-10T04:22:58.198188,8.77,78.81
2025-08-10T04:23:08.210504,8.7,78.7
2025-08-10T04:23:18.222445,8.72,79.31
2025-08-10T04:23:28.231961,8.81,79.13
2025-08-10T04:23:38.263041,10.92,73.77
2025-08-10T04:23:48.284968,10.0,75.03
2025-08-10T04:23:58.291464,8.73,79.05
2025-08-10T04:24:08.298036,9.13,78.95
2025-08-10T04:24:18.311057,9.03,79.0
2025-08-10T04:24:28.853250,9.38,73.04
2025-08-10T04:25:29.978289,141.02,6.92
2025-08-10T04:25:39.990563,20.61,81.52
2025-08-10T04:25:49.997259,9.01,79.05
2025-08-10T04:26:00.009811,8.5,80.1
2025-08-10T04:26:10.021521,9.47,76.61
2025-08-10T04:26:20.029448,8.75,77.94
2025-08-10T04:26:30.033786,9.58,69.87
2025-08-10T04:26:40.036140,8.89,71.19
2025-08-10T04:26:50.040622,8.89,70.37
2025-08-10T04:44:26.737022,3530.92,0.28
2025-08-10T04:44:36.750512,8.92,71.11
2025-08-10T04:44:46.760445,9.16,70.94
2025-08-10T04:44:56.766084,9.18,70.56
2025-08-10T04:52:51.347599,7.69,0.28
2025-08-10T04:53:01.356732,12.55,76.23
2025-08-10T04:53:11.360102,8.77,80.18
2025-08-10T04:53:21.360906,8.81,79.2
2025-08-10T04:53:31.368086,8.98,79.35
2025-08-10T04:53:41.375397,9.06,78.55
2025-08-10T04:53:51.376521,9.2,78.79
2025-08-10T04:54:01.381570,9.02,78.76
2025-08-10T04:54:11.387024,9.16,78.17
2025-08-10T04:54:21.389311,9.22,78.49
2025-08-10T04:54:31.391639,9.05,79.19
2025-08-10T04:54:41.394804,8.79,79.78
2025-08-10T04:54:51.402272,8.79,79.34
2025-08-10T04:55:01.409816,8.75,79.44
2025-08-10T04:55:11.411639,8.57,79.79
2025-08-10T04:55:21.421745,8.82,79.32
2025-08-10T04:55:31.425454,8.7,79.37
2025-08-10T04:55:41.433903,8.9,79.14
2025-08-10T04:55:51.439591,9.35,79.56
2025-08-10T04:56:01.443285,9.13,78.87
2025-08-10T04:56:11.448089,9.04,79.17
2025-08-10T04:56:21.455710,9.36,77.64
2025-08-10T04:56:31.457564,9.17,79.09
2025-08-10T04:56:41.465871,9.01,78.64
2025-08-10T04:56:51.469681,9.03,78.97
2025-08-10T04:57:01.481467,8.94,78.41
2025-08-10T04:57:11.484318,8.84,79.08
2025-08-10T04:57:21.490465,8.84,78.75
2025-08-10T04:57:31.491258,8.94,78.79
2025-08-10T04:57:41.496674,8.86,79.26
2025-08-10T04:57:51.499736,9.19,78.88
2025-08-10T04:58:01.510948,9.17,77.32
2025-08-10T04:58:11.518956,9.11,79.04
2025-08-10T04:58:21.531253,9.24,79.01
2025-08-10T04:58:31.546112,9.07,78.99
2025-08-10T04:58:41.550464,9.09,78.77
2025-08-10T16:42:47.019792,0,3267.44
2025-08-10T16:42:57.020662,0,3572.97
2025-08-10T16:43:07.038560,0,3318.62
2025-08-10T16:43:17.083596,0,3638.3
2025-08-10T16:43:27.088090,0,3478.07
2025-08-10T16:43:37.146940,0,3532.84
2025-08-10T16:43:47.147704,0,3801.3
2025-08-10T16:43:57.170045,0,3440.99
2025-08-10T16:44:07.171410,0,3517.3
2025-08-10T16:44:17.171520,0,3365.69
2025-08-10T16:44:27.190075,0,3393.26
2025-08-10T16:44:37.190343,0,3122.08
2025-08-10T16:44:47.191386,45188820.75,3398.94
2025-08-10T16:44:57.191898,44991418.21,3352.27
2025-08-10T16:45:07.192284,44528999.61,3390.4
2025-08-10T16:45:17.192693,42592780.01,3109.59
2025-08-10T16:45:27.202516,8622071.15,1688.53
2025-08-10T16:45:37.212101,8.81,81.23
2025-08-10T16:45:47.215989,9.38,80.97
2025-08-10T16:45:57.227052,9.31,81.31
2025-08-10T16:46:07.231724,9.43,81.76
2025-08-10T16:46:17.234732,9.37,80.98
2025-08-10T16:46:27.239645,9.22,81.06
2025-08-10T16:46:37.245443,9.51,80.96
2025-08-10T16:46:47.256560,10.17,79.71
2025-08-10T16:46:57.257290,12.35,76.1
2025-08-10T16:47:07.259079,9.54,80.89
2025-08-10T16:47:17.271779,10.08,78.0
2025-08-10T16:47:27.272464,9.87,78.7
2025-08-10T16:47:37.277645,9.37,80.46
2025-08-10T16:47:47.286665,9.05,80.93
2025-08-10T16:47:57.291699,9.2,81.26
2025-08-10T16:48:07.304229,9.92,80.3
2025-08-10T16:48:17.308900,9.3,80.46
2025-08-10T16:48:27.316384,9.21,80.34
2025-08-10T16:48:37.321643,10.16,80.06
2025-08-10T16:48:47.329711,9.13,80.94
2025-08-10T16:48:57.337715,9.41,80.34
2025-08-10T16:49:07.339530,9.35,80.19
2025-08-10T16:49:17.353121,9.11,80.69
2025-08-10T16:49:27.365085,9.13,81.11
2025-08-10T16:49:37.375691,9.28,80.12
2025-08-10T16:49:47.380802,9.06,81.16
2025-08-10T16:49:57.392162,9.28,80.11
2025-08-10T16:50:07.395218,9.4,80.28
2025-08-10T16:50:17.396066,9.44,80.1
2025-08-10T16:50:27.396617,9.28,80.6
2025-08-10T16:50:37.402239,9.13,80.76
2025-08-10T16:50:47.406110,9.19,80.17
2025-08-10T16:50:57.413601,9.09,80.94
2025-08-10T16:51:07.418392,9.1,80.86
2025-08-10T16:51:17.424374,9.16,80.16
2025-08-10T16:51:27.428634,9.17,80.47
2025-08-10T16:51:37.433613,9.29,80.06
2025-08-10T16:51:47.448044,9.03,80.99
2025-08-10T16:51:57.456533,9.03,81.23
2025-08-10T16:52:07.468352,9.12,81.01
2025-08-10T16:52:17.473688,9.16,80.86
2025-08-10T16:52:27.474057,9.4,80.2
2025-08-10T16:52:37.479348,9.58,80.06
2025-08-10T16:52:47.486325,9.41,80.25
2025-08-10T16:52:57.492713,9.12,80.25
2025-08-10T16:53:07.500296,9.28,80.54
2025-08-10T16:53:17.504987,10.63,79.97
2025-08-10T16:53:27.510424,9.38,80.56
2025-08-10T16:53:37.519395,9.36,80.63
2025-08-10T16:53:47.524383,9.45,80.16
2025-08-10T16:53:57.533301,10.06,77.94
2025-08-10T16:54:07.836125,128.34,55.33
2025-08-10T16:54:18.046968,424.89,54.58
2025-08-10T16:54:28.072764,256.47,54.97
2025-08-10T16:54:38.076436,57.3,63.38
2025-08-10T16:54:48.085749,10.59,77.35
2025-08-10T16:54:58.091273,9.17,80.66
2025-08-10T16:55:08.095876,9.0,80.77
2025-08-10T16:55:18.103235,9.19,80.04
2025-08-10T16:55:28.111643,9.54,80.44
2025-08-10T16:55:38.113783,9.41,80.29
2025-08-10T16:55:48.119236,9.07,81.16
2025-08-10T16:55:58.128921,9.28,81.12
2025-08-10T16:56:08.136699,9.25,80.84
2025-08-10T16:56:18.138626,9.08,81.29
2025-08-10T16:56:28.147596,9.21,80.73
2025-08-10T16:56:38.154228,9.35,80.55
2025-08-10T16:56:48.166047,9.25,81.01
2025-08-10T16:56:58.173832,9.26,80.84
2025-08-10T16:57:08.182728,9.29,80.83
2025-08-10T16:57:18.184136,9.5,80.49
2025-08-10T16:57:28.190774,9.46,81.25
2025-08-10T16:57:38.192071,9.42,81.09
2025-08-10T16:57:48.194282,9.37,80.99
2025-08-10T16:57:58.205954,9.29,81.21
2025-08-10T16:58:08.211193,9.24,81.16
2025-08-10T16:58:18.214303,9.12,80.78
2025-08-10T16:58:28.227127,9.38,80.6
2025-08-10T16:58:38.234894,9.49,80.74
2025-08-10T16:58:48.252657,9.76,80.66
2025-08-10T16:58:58.263020,9.52,80.22
2025-08-10T16:59:08.263854,9.4,81.0
2025-08-10T16:59:18.273419,12.35,76.13
2025-08-10T16:59:28.284625,10.12,79.91
2025-08-10T16:59:38.297761,9.52,80.8
2025-08-10T16:59:48.303483,9.62,79.26
2025-08-10T16:59:58.316803,8.99,81.0
2025-08-10T17:00:08.317751,9.66,79.5
2025-08-10T17:00:18.329824,10.07,79.11
2025-08-10T17:00:28.332290,10.61,78.59
2025-08-10T17:00:38.343364,10.1,79.12
2025-08-10T17:00:48.345630,9.78,79.99
2025-08-10T17:00:58.352161,9.83,79.85
2025-08-10T17:01:08.356592,9.89,79.97
2025-08-10T17:01:18.360186,9.65,80.48
2025-08-10T17:01:28.369857,9.98,79.13
2025-08-10T17:01:38.379216,10.31,78.93
2025-08-10T17:01:48.381748,9.7,80.18
2025-08-10T17:01:58.388127,9.92,81.05
2025-08-10T17:02:08.393471,9.92,80.86
2025-08-10T17:02:18.396908,9.85,80.48
2025-08-10T17:02:28.408911,10.13,80.01
2025-08-10T17:02:38.419664,10.76,77.92
2025-08-10T17:02:48.426291,10.82,77.75
2025-08-10T17:02:58.432856,10.71,78.05
2025-08-10T17:03:08.440320,10.73,78.25
2025-08-10T17:03:18.450811,10.76,77.82
2025-08-10T17:03:28.451591,10.9,77.4
2025-08-10T17:03:38.459418,10.87,77.94
2025-08-10T17:03:48.460840,10.84,77.89
2025-08-10T17:03:58.473461,10.9,77.91
2025-08-10T17:04:08.483238,10.84,77.93
2025-08-10T17:04:18.487876,10.78,77.37
2025-08-10T17:04:28.498660,10.82,78.22
2025-08-10T17:04:38.509026,10.89,77.82
2025-08-10T17:04:48.519902,11.93,75.32
2025-08-10T17:04:58.530917,10.86,77.92
2025-08-10T17:05:08.532705,10.65,77.79
2025-08-10T17:05:18.542527,10.25,79.23
2025-08-10T17:05:28.553983,9.93,80.11
2025-08-10T17:05:38.558796,10.83,77.17
2025-08-10T17:05:48.569561,10.47,78.82
2025-08-10T17:05:58.577456,10.76,78.14
2025-08-10T17:06:08.586610,10.68,78.43
2025-08-10T17:06:18.594309,9.51,80.94
2025-08-10T17:06:28.604373,10.05,79.92
2025-08-10T17:06:38.614972,9.83,80.12
2025-08-10T17:06:48.621721,9.64,80.55
2025-08-10T17:06:58.630716,9.46,80.73
2025-08-10T17:07:08.636291,9.46,81.36
2025-08-10T17:07:18.647779,9.36,81.41
2025-08-10T17:07:28.653859,9.54,81.45
2025-08-10T17:25:27.224032,16.03,0.58
2025-08-10T17:25:37.232878,13.37,74.04
2025-08-10T17:25:47.245969,10.52,74.51
2025-08-10T17:25:57.257372,10.73,74.02
2025-08-10T17:26:07.266538,10.14,75.03
2025-08-10T17:26:17.268275,10.2,75.59
2025-08-10T17:26:27.270769,10.13,75.58
2025-08-10T17:26:37.282790,10.25,74.51
2025-08-10T17:26:47.283590,10.21,76.2
2025-08-10T17:26:57.286416,10.18,75.68
2025-08-10T17:27:07.292818,10.07,75.66
2025-08-10T17:27:17.296133,10.14,75.68
2025-08-10T17:27:27.305653,10.16,76.13
2025-08-10T17:27:37.313444,10.18,75.54
2025-08-10T17:27:47.329360,10.14,76.28
2025-08-10T17:27:57.335165,10.17,75.46
2025-08-10T17:28:07.335847,10.08,75.3
2025-08-10T17:28:17.346593,10.2,75.82
2025-08-10T17:28:27.353366,10.15,75.85
2025-08-10T17:43:06.752706,41870.12,0.02
2025-08-10T17:54:06.273205,10.98,0.79
2025-08-10T17:58:13.973603,11.19,1.95
2025-08-10T17:59:59.868504,507.15,4.59
2025-08-10T18:17:20.996206,11.75,0.46
2025-08-10T18:32:29.947734,12.39,0.39
2025-08-10T18:42:32.828033,10.78,0.62
2025-08-10T18:42:42.839331,16.3,70.42
2025-08-10T18:42:52.844180,10.18,75.78
2025-08-10T18:43:02.848345,10.12,78.77
2025-08-10T18:43:12.855293,10.64,76.75
2025-08-10T18:43:22.859770,10.0,77.77
2025-08-10T18:43:32.872406,9.69,80.7
2025-08-10T18:43:42.878513,9.54,79.16
2025-08-10T18:43:52.888709,10.76,79.82
2025-08-10T18:44:02.890466,9.47,81.29
2025-08-10T18:44:12.897899,10.5,78.74
2025-08-10T18:44:22.903952,10.05,78.86
2025-08-10T18:44:32.912188,9.67,80.84
2025-08-10T18:44:42.922934,9.13,80.02
